ModelGroup,SE_Type,BaseType,SE_Position_Label,Reduction,Condition,N,Eyes_Mean,Eyes_SD,Eyes_SEM,Eyes_CI95,Nose_Mean,Nose_SD,Nose_SEM,Nose_CI95,Mouth_Mean,Mouth_SD,Mouth_SEM,Mouth_CI95,DiagRatio_Mean,DiagRatio_SD,DiagRatio_SEM,DiagRatio_CI95
Baseline_AlexNet_FaceBased,Baseline,FaceBased,Baseline,4,E,21,0.012814,0.013577,0.002963,0.006180,0.030577,0.035679,0.007786,0.016241,0.317402,0.173803,0.037927,0.079114,0.891557,0.146044,0.031869,0.066478
Baseline_AlexNet_FaceBased,Baseline,FaceBased,Baseline,4,Full,21,0.272479,0.214956,0.046907,0.097847,0.090088,0.211912,0.046243,0.096461,0.078258,0.132751,0.028969,0.060428,0.848200,0.285824,0.062372,0.130105
Baseline_AlexNet_FaceBased,Baseline,FaceBased,Baseline,4,M,20,0.022965,0.014428,0.003148,0.006567,0.434068,0.221379,0.048309,0.100770,0.000560,0.001541,0.000336,0.000701,0.073423,0.069941,0.015262,0.031837
Baseline_AlexNet_FaceBased,Baseline,FaceBased,Baseline,4,N,13,0.179918,0.316465,0.069058,0.144053,0.093274,0.166338,0.036298,0.075716,0.026813,0.054327,0.011855,0.024730,0.649625,0.413124,0.090151,0.188052
Baseline_AlexNet_ObjectBased,Baseline,ObjectBased,Baseline,4,E,21,0.001594,0.001536,0.000335,0.000699,0.251736,0.047778,0.010426,0.021748,0.188453,0.052774,0.011516,0.024022,0.427519,0.083082,0.018130,0.037819
Baseline_AlexNet_ObjectBased,Baseline,ObjectBased,Baseline,4,Full,21,0.063578,0.042444,0.009262,0.019320,0.100026,0.043623,0.009519,0.019857,0.223868,0.055744,0.012164,0.025375,0.748581,0.079403,0.017327,0.036144
Baseline_AlexNet_ObjectBased,Baseline,ObjectBased,Baseline,4,M,21,0.221509,0.121176,0.026443,0.055159,0.103454,0.073861,0.016118,0.033621,0.003812,0.010541,0.002300,0.004798,0.670455,0.172226,0.037583,0.078396
Baseline_AlexNet_ObjectBased,Baseline,ObjectBased,Baseline,4,N,21,0.236380,0.075426,0.016459,0.034333,0.014823,0.018820,0.004107,0.008567,0.247200,0.078965,0.017232,0.035944,0.972531,0.032741,0.007145,0.014904
SE-Conv-L1_FaceBased,SE-Conv,FaceBased,L1,2,E,19,0.036660,0.031837,0.006947,0.014492,0.054681,0.058225,0.012706,0.026504,0.090505,0.078780,0.017191,0.035860,0.716120,0.147233,0.032129,0.067020
SE-Conv-L1_FaceBased,SE-Conv,FaceBased,L1,2,Full,8,0.023684,0.042426,0.009258,0.019312,0.048376,0.155242,0.033877,0.070665,0.014042,0.048949,0.010682,0.022281,0.701404,0.364151,0.079464,0.165760
SE-Conv-L1_FaceBased,SE-Conv,FaceBased,L1,2,M,9,0.201425,0.296163,0.064628,0.134812,0.000000,0.000000,0.000000,0.000000,0.000000,0.000000,0.000000,0.000000,1.000000,0.000000,0.000000,0.000000
SE-Conv-L1_FaceBased,SE-Conv,FaceBased,L1,2,N,21,0.090546,0.082881,0.018086,0.037727,0.039482,0.022925,0.005003,0.010435,0.058296,0.038149,0.008325,0.017365,0.747462,0.154361,0.033684,0.070264
SE-Conv-L1_FaceBased,SE-Conv,FaceBased,L1,4,E,21,0.042653,0.034372,0.007501,0.015646,0.226888,0.071130,0.015522,0.032378,0.224564,0.094529,0.020628,0.043029,0.543030,0.115379,0.025178,0.052520
SE-Conv-L1_FaceBased,SE-Conv,FaceBased,L1,4,Full,13,0.105223,0.177770,0.038793,0.080920,0.232695,0.253223,0.055258,0.115266,0.004611,0.017850,0.003895,0.008125,0.331934,0.372377,0.081259,0.169504
SE-Conv-L1_FaceBased,SE-Conv,FaceBased,L1,4,M,17,0.077506,0.142119,0.031013,0.064692,0.384504,0.324943,0.070908,0.147912,0.008806,0.020015,0.004368,0.009111,0.243003,0.328440,0.071671,0.149504
SE-Conv-L1_FaceBased,SE-Conv,FaceBased,L1,4,N,21,0.131362,0.120570,0.026310,0.054883,0.132353,0.062655,0.013672,0.028520,0.114043,0.150130,0.032761,0.068339,0.576989,0.228072,0.049769,0.103817
SE-Conv-L1_FaceBased,SE-Conv,FaceBased,L1,8,E,21,0.152564,0.175166,0.038224,0.079735,0.100524,0.090832,0.019821,0.041346,0.123770,0.119520,0.026081,0.054405,0.736675,0.229927,0.050174,0.104661
SE-Conv-L1_FaceBased,SE-Conv,FaceBased,L1,8,Full,20,0.070549,0.167728,0.036601,0.076349,0.036153,0.046484,0.010144,0.021159,0.230072,0.218600,0.047703,0.099506,0.909912,0.097042,0.021176,0.044173
SE-Conv-L1_FaceBased,SE-Conv,FaceBased,L1,8,M,21,0.030190,0.040717,0.008885,0.018534,0.011071,0.015326,0.003344,0.006976,0.022280,0.016319,0.003561,0.007428,0.865467,0.126439,0.027591,0.057554
SE-Conv-L1_FaceBased,SE-Conv,FaceBased,L1,8,N,16,0.276015,0.257654,0.056225,0.117283,0.002774,0.010266,0.002240,0.004673,0.000268,0.001174,0.000256,0.000534,0.992364,0.021343,0.004657,0.009715
SE-Conv-L1_FaceBased,SE-Conv,FaceBased,L1,16,E,21,0.012746,0.012007,0.002620,0.005465,0.148050,0.040782,0.008899,0.018564,0.328022,0.090835,0.019822,0.041348,0.694513,0.084281,0.018392,0.038364
SE-Conv-L1_FaceBased,SE-Conv,FaceBased,L1,16,Full,21,0.073019,0.061749,0.013475,0.028108,0.082053,0.043219,0.009431,0.019673,0.270549,0.056747,0.012383,0.025831,0.807201,0.105012,0.022915,0.047801
SE-Conv-L1_FaceBased,SE-Conv,FaceBased,L1,16,M,21,0.164191,0.048820,0.010653,0.022223,0.073936,0.041536,0.009064,0.018907,0.018852,0.029444,0.006425,0.013403,0.711873,0.137381,0.029979,0.062535
SE-Conv-L1_FaceBased,SE-Conv,FaceBased,L1,16,N,21,0.195196,0.080784,0.017629,0.036773,0.036507,0.031283,0.006827,0.014240,0.046160,0.030407,0.006635,0.013841,0.872498,0.094141,0.020543,0.042853
SE-Conv-L1_FaceBased,SE-Conv,FaceBased,L1,32,E,21,0.049097,0.049628,0.010830,0.022591,0.424518,0.234558,0.051185,0.106770,0.009195,0.015110,0.003297,0.006878,0.196141,0.224542,0.048999,0.102210
SE-Conv-L1_FaceBased,SE-Conv,FaceBased,L1,32,Full,19,0.211689,0.136466,0.029779,0.062118,0.164482,0.085130,0.018577,0.038751,0.008927,0.022849,0.004986,0.010401,0.557926,0.142062,0.031001,0.064666
SE-Conv-L1_FaceBased,SE-Conv,FaceBased,L1,32,M,9,0.162892,0.271713,0.059293,0.123682,0.011735,0.031744,0.006927,0.014450,0.025842,0.071314,0.015562,0.032462,0.902499,0.213115,0.046506,0.097009
SE-Conv-L1_FaceBased,SE-Conv,FaceBased,L1,32,N,21,0.254649,0.210096,0.045847,0.095634,0.018751,0.027009,0.005894,0.012294,0.075110,0.045738,0.009981,0.020820,0.922611,0.113322,0.024729,0.051583
SE-Conv-L1_ObjectBased,SE-Conv,ObjectBased,L1,2,E,21,0.086009,0.070928,0.015478,0.032286,0.282899,0.109882,0.023978,0.050018,0.086384,0.048644,0.010615,0.022143,0.390063,0.112908,0.024638,0.051395
SE-Conv-L1_ObjectBased,SE-Conv,ObjectBased,L1,2,Full,21,0.223115,0.100962,0.022032,0.045957,0.216460,0.150969,0.032944,0.068720,0.046547,0.075835,0.016549,0.034520,0.603718,0.211552,0.046164,0.096297
SE-Conv-L1_ObjectBased,SE-Conv,ObjectBased,L1,2,M,21,0.357648,0.121418,0.026496,0.055269,0.053172,0.039819,0.008689,0.018126,0.058522,0.047073,0.010272,0.021427,0.882033,0.092144,0.020107,0.041943
SE-Conv-L1_ObjectBased,SE-Conv,ObjectBased,L1,2,N,21,0.244219,0.083723,0.018270,0.038110,0.004676,0.008933,0.001949,0.004066,0.123303,0.080747,0.017620,0.036756,0.987217,0.023541,0.005137,0.010716
SE-Conv-L1_ObjectBased,SE-Conv,ObjectBased,L1,4,E,21,0.050055,0.143764,0.031372,0.065441,0.192354,0.126840,0.027679,0.057737,0.104327,0.058605,0.012789,0.026677,0.510496,0.271819,0.059316,0.123730
SE-Conv-L1_ObjectBased,SE-Conv,ObjectBased,L1,4,Full,21,0.252473,0.202666,0.044225,0.092252,0.277020,0.206520,0.045066,0.094007,0.036982,0.029577,0.006454,0.013463,0.527660,0.314807,0.068696,0.143298
SE-Conv-L1_ObjectBased,SE-Conv,ObjectBased,L1,4,M,16,0.039033,0.130793,0.028541,0.059536,0.425838,0.363043,0.079222,0.165255,0.000876,0.001913,0.000417,0.000871,0.196085,0.372635,0.081316,0.169621
SE-Conv-L1_ObjectBased,SE-Conv,ObjectBased,L1,4,N,18,0.100082,0.159039,0.034705,0.072394,0.012520,0.023870,0.005209,0.010865,0.117741,0.089323,0.019492,0.040659,0.953744,0.070321,0.015345,0.032010
SE-Conv-L1_ObjectBased,SE-Conv,ObjectBased,L1,8,E,21,0.134268,0.054614,0.011918,0.024860,0.179712,0.061590,0.013440,0.028035,0.048118,0.027110,0.005916,0.012340,0.514460,0.089812,0.019599,0.040882
SE-Conv-L1_ObjectBased,SE-Conv,ObjectBased,L1,8,Full,21,0.069893,0.099209,0.021649,0.045159,0.489870,0.188201,0.041069,0.085668,0.055258,0.051339,0.011203,0.023369,0.217752,0.248837,0.054301,0.113269
SE-Conv-L1_ObjectBased,SE-Conv,ObjectBased,L1,8,M,21,0.005991,0.012531,0.002735,0.005704,0.022971,0.022519,0.004914,0.010250,0.201020,0.165634,0.036144,0.075396,0.823314,0.231214,0.050455,0.105247
SE-Conv-L1_ObjectBased,SE-Conv,ObjectBased,L1,8,N,21,0.047292,0.039314,0.008579,0.017896,0.011679,0.007913,0.001727,0.003602,0.412251,0.060658,0.013237,0.027611,0.975056,0.015569,0.003397,0.007087
SE-Conv-L1_ObjectBased,SE-Conv,ObjectBased,L1,16,E,11,0.017166,0.048203,0.010519,0.021942,0.260722,0.284013,0.061977,0.129281,0.012716,0.027477,0.005996,0.012507,0.123445,0.132558,0.028927,0.060340
SE-Conv-L1_ObjectBased,SE-Conv,ObjectBased,L1,16,Full,16,0.248449,0.225587,0.049227,0.102686,0.015153,0.026481,0.005779,0.012054,0.026041,0.044404,0.009690,0.020212,0.944145,0.093454,0.020393,0.042540
SE-Conv-L1_ObjectBased,SE-Conv,ObjectBased,L1,16,M,21,0.153791,0.119528,0.026083,0.054409,0.206828,0.152630,0.033307,0.069476,0.001434,0.002492,0.000544,0.001135,0.456953,0.200582,0.043771,0.091304
SE-Conv-L1_ObjectBased,SE-Conv,ObjectBased,L1,16,N,21,0.136731,0.089101,0.019443,0.040558,0.015281,0.026695,0.005825,0.012151,0.006083,0.015806,0.003449,0.007195,0.890406,0.171166,0.037351,0.077914
SE-Conv-L1_ObjectBased,SE-Conv,ObjectBased,L1,32,E,21,0.197525,0.097403,0.021255,0.044337,0.064637,0.045243,0.009873,0.020594,0.007167,0.015435,0.003368,0.007026,0.769976,0.109308,0.023853,0.049757
SE-Conv-L1_ObjectBased,SE-Conv,ObjectBased,L1,32,Full,21,0.643402,0.089843,0.019605,0.040896,0.000787,0.001997,0.000436,0.000909,0.000018,0.000037,0.000008,0.000017,0.998626,0.003588,0.000783,0.001633
SE-Conv-L1_ObjectBased,SE-Conv,ObjectBased,L1,32,M,21,0.635959,0.091186,0.019898,0.041508,0.042655,0.018533,0.004044,0.008436,0.001272,0.005737,0.001252,0.002612,0.935218,0.031380,0.006848,0.014284
SE-Conv-L1_ObjectBased,SE-Conv,ObjectBased,L1,32,N,21,0.247366,0.064782,0.014137,0.029489,0.213198,0.077016,0.016806,0.035057,0.032942,0.046385,0.010122,0.021114,0.566573,0.149871,0.032704,0.068220
SE-Conv-L2_FaceBased,SE-Conv,FaceBased,L2,2,E,21,0.013344,0.022411,0.004891,0.010202,0.101497,0.120070,0.026201,0.054655,0.374593,0.115493,0.025203,0.052572,0.811989,0.186729,0.040748,0.084998
SE-Conv-L2_FaceBased,SE-Conv,FaceBased,L2,2,Full,21,0.099652,0.078949,0.017228,0.035937,0.151064,0.092456,0.020175,0.042085,0.290027,0.200743,0.043806,0.091377,0.711624,0.165754,0.036170,0.075450
SE-Conv-L2_FaceBased,SE-Conv,FaceBased,L2,2,M,21,0.084854,0.103360,0.022555,0.047049,0.328375,0.168840,0.036844,0.076855,0.143536,0.068529,0.014954,0.031194,0.426090,0.266536,0.058163,0.121326
SE-Conv-L2_FaceBased,SE-Conv,FaceBased,L2,2,N,14,0.148237,0.206365,0.045033,0.093936,0.042146,0.064777,0.014135,0.029486,0.035491,0.054711,0.011939,0.024904,0.783729,0.206942,0.045159,0.094199
SE-Conv-L2_FaceBased,SE-Conv,FaceBased,L2,4,E,20,0.000676,0.001206,0.000263,0.000549,0.049207,0.055053,0.012013,0.025060,0.116420,0.079148,0.017271,0.036028,0.737480,0.249929,0.054539,0.113766
SE-Conv-L2_FaceBased,SE-Conv,FaceBased,L2,4,Full,21,0.022170,0.034907,0.007617,0.015890,0.090129,0.066096,0.014423,0.030086,0.382880,0.157096,0.034281,0.071509,0.812956,0.126843,0.027679,0.057738
SE-Conv-L2_FaceBased,SE-Conv,FaceBased,L2,4,M,21,0.233971,0.092029,0.020082,0.041891,0.075687,0.043849,0.009569,0.019960,0.069225,0.044129,0.009630,0.020087,0.797665,0.119934,0.026172,0.054593
SE-Conv-L2_FaceBased,SE-Conv,FaceBased,L2,4,N,20,0.026055,0.026641,0.005814,0.012127,0.051304,0.039989,0.008726,0.018203,0.040355,0.044117,0.009627,0.020082,0.561385,0.254003,0.055428,0.115621
SE-Conv-L2_FaceBased,SE-Conv,FaceBased,L2,8,E,21,0.139789,0.036705,0.008010,0.016708,0.081155,0.076376,0.016667,0.034766,0.034966,0.042220,0.009213,0.019218,0.748946,0.197684,0.043138,0.089985
SE-Conv-L2_FaceBased,SE-Conv,FaceBased,L2,8,Full,21,0.216567,0.169867,0.037068,0.077322,0.042744,0.043837,0.009566,0.019955,0.054071,0.050497,0.011019,0.022986,0.848808,0.157434,0.034355,0.071663
SE-Conv-L2_FaceBased,SE-Conv,FaceBased,L2,8,M,21,0.498806,0.196721,0.042928,0.089546,0.015209,0.014479,0.003159,0.006591,0.010729,0.026894,0.005869,0.012242,0.970473,0.028615,0.006244,0.013025
SE-Conv-L2_FaceBased,SE-Conv,FaceBased,L2,8,N,21,0.144247,0.111983,0.024437,0.050974,0.056851,0.050683,0.011060,0.023071,0.026339,0.036027,0.007862,0.016399,0.694750,0.280689,0.061251,0.127768
SE-Conv-L2_FaceBased,SE-Conv,FaceBased,L2,16,E,20,0.039396,0.046549,0.010158,0.021189,0.211967,0.221783,0.048397,0.100954,0.109984,0.128311,0.028000,0.058406,0.529345,0.368384,0.080388,0.167687
SE-Conv-L2_FaceBased,SE-Conv,FaceBased,L2,16,Full,21,0.063696,0.097810,0.021344,0.044522,0.053796,0.100761,0.021988,0.045866,0.058206,0.064863,0.014154,0.029525,0.835495,0.215318,0.046986,0.098012
SE-Conv-L2_FaceBased,SE-Conv,FaceBased,L2,16,M,21,0.053187,0.042222,0.009214,0.019219,0.029688,0.020665,0.004510,0.009407,0.092851,0.032338,0.007057,0.014720,0.851800,0.086656,0.018910,0.039445
SE-Conv-L2_FaceBased,SE-Conv,FaceBased,L2,16,N,21,0.164473,0.071881,0.015686,0.032720,0.062680,0.031700,0.006918,0.014430,0.131780,0.086617,0.018901,0.039428,0.815341,0.101758,0.022205,0.046319
SE-Conv-L2_FaceBased,SE-Conv,FaceBased,L2,32,E,14,0.045098,0.086160,0.018802,0.039220,0.196460,0.219567,0.047914,0.099946,0.001313,0.004273,0.000932,0.001945,0.201081,0.254547,0.055547,0.115869
SE-Conv-L2_FaceBased,SE-Conv,FaceBased,L2,32,Full,19,0.200646,0.260500,0.056846,0.118578,0.272020,0.327276,0.071417,0.148974,0.003543,0.009602,0.002095,0.004371,0.524912,0.440902,0.096213,0.200696
SE-Conv-L2_FaceBased,SE-Conv,FaceBased,L2,32,M,15,0.342710,0.262291,0.057237,0.119394,0.000290,0.001022,0.000223,0.000465,0.004974,0.017244,0.003763,0.007849,0.998972,0.003067,0.000669,0.001396
SE-Conv-L2_FaceBased,SE-Conv,FaceBased,L2,32,N,17,0.114425,0.137045,0.029906,0.062382,0.137833,0.131700,0.028739,0.059949,0.032312,0.030093,0.006567,0.013698,0.500691,0.326313,0.071207,0.148536
SE-Conv-L2_ObjectBased,SE-Conv,ObjectBased,L2,2,E,21,0.012446,0.026642,0.005814,0.012127,0.279711,0.160137,0.034945,0.072893,0.103263,0.036054,0.007868,0.016412,0.334425,0.142520,0.031100,0.064874
SE-Conv-L2_ObjectBased,SE-Conv,ObjectBased,L2,2,Full,21,0.061797,0.056386,0.012305,0.025667,0.184653,0.102653,0.022401,0.046727,0.139446,0.067555,0.014742,0.030751,0.545126,0.154575,0.033731,0.070362
SE-Conv-L2_ObjectBased,SE-Conv,ObjectBased,L2,2,M,21,0.104351,0.052657,0.011491,0.023969,0.075317,0.047097,0.010277,0.021438,0.307814,0.212579,0.046389,0.096765,0.787518,0.156594,0.034172,0.071281
SE-Conv-L2_ObjectBased,SE-Conv,ObjectBased,L2,2,N,21,0.024522,0.029349,0.006405,0.013360,0.191478,0.125920,0.027478,0.057318,0.190265,0.095868,0.020920,0.043639,0.552344,0.242208,0.052854,0.110252
SE-Conv-L2_ObjectBased,SE-Conv,ObjectBased,L2,4,E,20,0.000902,0.001941,0.000424,0.000884,0.005123,0.010783,0.002353,0.004908,0.019536,0.032633,0.007121,0.014854,0.795146,0.355453,0.077566,0.161800
SE-Conv-L2_ObjectBased,SE-Conv,ObjectBased,L2,4,Full,21,0.053490,0.088540,0.019321,0.040303,0.072143,0.074500,0.016257,0.033912,0.134238,0.043964,0.009594,0.020012,0.770988,0.122568,0.026746,0.055792
SE-Conv-L2_ObjectBased,SE-Conv,ObjectBased,L2,4,M,21,0.090539,0.075064,0.016380,0.034169,0.210377,0.091017,0.019862,0.041431,0.165840,0.131166,0.028623,0.059706,0.557988,0.148785,0.032468,0.067726
SE-Conv-L2_ObjectBased,SE-Conv,ObjectBased,L2,4,N,21,0.386595,0.105057,0.022925,0.047821,0.018744,0.012439,0.002714,0.005662,0.043145,0.034575,0.007545,0.015738,0.954541,0.036496,0.007964,0.016613
SE-Conv-L2_ObjectBased,SE-Conv,ObjectBased,L2,8,E,21,0.093066,0.066470,0.014505,0.030257,0.209630,0.122169,0.026660,0.055611,0.058213,0.042196,0.009208,0.019208,0.457535,0.173947,0.037958,0.079180
SE-Conv-L2_ObjectBased,SE-Conv,ObjectBased,L2,8,Full,21,0.080446,0.193501,0.042225,0.088081,0.029776,0.029241,0.006381,0.013310,0.160715,0.144672,0.031570,0.065854,0.801560,0.190613,0.041595,0.086766
SE-Conv-L2_ObjectBased,SE-Conv,ObjectBased,L2,8,M,21,0.358741,0.186149,0.040621,0.084734,0.096217,0.080647,0.017599,0.036710,0.012808,0.022685,0.004950,0.010326,0.776128,0.170816,0.037275,0.077754
SE-Conv-L2_ObjectBased,SE-Conv,ObjectBased,L2,8,N,21,0.256958,0.085420,0.018640,0.038883,0.180573,0.053456,0.011665,0.024333,0.052276,0.031699,0.006917,0.014429,0.625251,0.127909,0.027912,0.058224
SE-Conv-L2_ObjectBased,SE-Conv,ObjectBased,L2,16,E,21,0.279379,0.058734,0.012817,0.026735,0.024360,0.008731,0.001905,0.003974,0.006522,0.007221,0.001576,0.003287,0.921595,0.022580,0.004927,0.010278
SE-Conv-L2_ObjectBased,SE-Conv,ObjectBased,L2,16,Full,20,0.020456,0.023595,0.005149,0.010740,0.036099,0.045901,0.010016,0.020894,0.065927,0.067920,0.014821,0.030917,0.744137,0.290410,0.063373,0.132193
SE-Conv-L2_ObjectBased,SE-Conv,ObjectBased,L2,16,M,20,0.021158,0.056548,0.012340,0.025740,0.014576,0.020984,0.004579,0.009552,0.200103,0.197098,0.043010,0.089718,0.859376,0.212073,0.046278,0.096534
SE-Conv-L2_ObjectBased,SE-Conv,ObjectBased,L2,16,N,21,0.027785,0.025977,0.005669,0.011825,0.187302,0.100755,0.021987,0.045863,0.067663,0.036176,0.007894,0.016467,0.389543,0.212811,0.046439,0.096870
SE-Conv-L2_ObjectBased,SE-Conv,ObjectBased,L2,32,E,20,0.000105,0.000214,0.000047,0.000098,0.186880,0.153734,0.033548,0.069979,0.098140,0.119000,0.025968,0.054168,0.320473,0.308679,0.067359,0.140509
SE-Conv-L2_ObjectBased,SE-Conv,ObjectBased,L2,32,Full,19,0.002152,0.006955,0.001518,0.003166,0.020409,0.031999,0.006983,0.014566,0.132338,0.105911,0.023112,0.048210,0.911436,0.091121,0.019884,0.041478
SE-Conv-L2_ObjectBased,SE-Conv,ObjectBased,L2,32,M,21,0.002358,0.005134,0.001120,0.002337,0.102587,0.055348,0.012078,0.025194,0.019732,0.014670,0.003201,0.006678,0.207449,0.127421,0.027805,0.058001
SE-Conv-L2_ObjectBased,SE-Conv,ObjectBased,L2,32,N,21,0.234314,0.068518,0.014952,0.031189,0.019844,0.010816,0.002360,0.004924,0.098553,0.034321,0.007489,0.015623,0.944104,0.024761,0.005403,0.011271
SE-Conv-L3_FaceBased,SE-Conv,FaceBased,L3,2,E,21,0.104285,0.066923,0.014604,0.030463,0.182859,0.150754,0.032897,0.068623,0.010885,0.023052,0.005030,0.010493,0.486988,0.285781,0.062363,0.130086
SE-Conv-L3_FaceBased,SE-Conv,FaceBased,L3,2,Full,20,0.151178,0.176852,0.038592,0.080502,0.041917,0.079939,0.017444,0.036388,0.000116,0.000127,0.000028,0.000058,0.772621,0.326255,0.071195,0.148510
SE-Conv-L3_FaceBased,SE-Conv,FaceBased,L3,2,M,21,0.041993,0.048868,0.010664,0.022244,0.091951,0.098496,0.021494,0.044835,0.064399,0.041804,0.009122,0.019029,0.632726,0.285060,0.062205,0.129758
SE-Conv-L3_FaceBased,SE-Conv,FaceBased,L3,2,N,17,0.005997,0.010730,0.002341,0.004884,0.026329,0.037871,0.008264,0.017238,0.090560,0.111799,0.024397,0.050890,0.832722,0.237628,0.051855,0.108167
SE-Conv-L3_FaceBased,SE-Conv,FaceBased,L3,4,E,21,0.043114,0.058559,0.012779,0.026656,0.047232,0.062683,0.013679,0.028533,0.154835,0.144552,0.031544,0.065799,0.801190,0.219142,0.047821,0.099752
SE-Conv-L3_FaceBased,SE-Conv,FaceBased,L3,4,Full,14,0.010224,0.022362,0.004880,0.010179,0.003194,0.007639,0.001667,0.003477,0.113027,0.203780,0.044468,0.092759,0.930944,0.153946,0.033594,0.070075
SE-Conv-L3_FaceBased,SE-Conv,FaceBased,L3,4,M,21,0.092134,0.080546,0.017577,0.036664,0.135159,0.070758,0.015441,0.032209,0.110022,0.058229,0.012707,0.026505,0.615633,0.153197,0.033430,0.069734
SE-Conv-L3_FaceBased,SE-Conv,FaceBased,L3,4,N,21,0.052794,0.059891,0.013069,0.027262,0.073278,0.050007,0.010912,0.022763,0.185525,0.134298,0.029306,0.061132,0.753127,0.158133,0.034507,0.071981
SE-Conv-L3_FaceBased,SE-Conv,FaceBased,L3,8,E,16,0.014914,0.021666,0.004728,0.009862,0.084892,0.151249,0.033005,0.068848,0.192639,0.206530,0.045069,0.094011,0.686673,0.327268,0.071416,0.148971
SE-Conv-L3_FaceBased,SE-Conv,FaceBased,L3,8,Full,21,0.023678,0.030912,0.006746,0.014071,0.115104,0.100595,0.021952,0.045790,0.206055,0.134700,0.029394,0.061315,0.606326,0.314869,0.068710,0.143326
SE-Conv-L3_FaceBased,SE-Conv,FaceBased,L3,8,M,21,0.164650,0.084952,0.018538,0.038670,0.122427,0.056483,0.012326,0.025711,0.048884,0.034022,0.007424,0.015487,0.636845,0.121700,0.026557,0.055397
SE-Conv-L3_FaceBased,SE-Conv,FaceBased,L3,8,N,21,0.537076,0.172346,0.037609,0.078451,0.022851,0.024152,0.005270,0.010994,0.089059,0.080964,0.017668,0.036854,0.960130,0.044410,0.009691,0.020215
SE-Conv-L3_FaceBased,SE-Conv,FaceBased,L3,16,E,12,0.045587,0.063230,0.013798,0.028782,0.029094,0.071656,0.015637,0.032617,0.023644,0.044276,0.009662,0.020154,0.807501,0.286503,0.062520,0.130415
SE-Conv-L3_FaceBased,SE-Conv,FaceBased,L3,16,Full,11,0.000742,0.002125,0.000464,0.000967,0.075903,0.145261,0.031699,0.066122,0.084036,0.126663,0.027640,0.057656,0.558360,0.306368,0.066855,0.139457
SE-Conv-L3_FaceBased,SE-Conv,FaceBased,L3,16,M,9,0.000205,0.000772,0.000168,0.000351,0.100395,0.173250,0.037806,0.078862,0.007231,0.031638,0.006904,0.014401,0.173721,0.358027,0.078128,0.162972
SE-Conv-L3_FaceBased,SE-Conv,FaceBased,L3,16,N,21,0.013800,0.028273,0.006170,0.012870,0.009343,0.017689,0.003860,0.008052,0.346234,0.254255,0.055483,0.115735,0.970388,0.045075,0.009836,0.020518
SE-Conv-L3_FaceBased,SE-Conv,FaceBased,L3,32,E,21,0.090322,0.039463,0.008612,0.017963,0.050945,0.049443,0.010789,0.022506,0.167863,0.104640,0.022834,0.047631,0.858819,0.083965,0.018323,0.038220
SE-Conv-L3_FaceBased,SE-Conv,FaceBased,L3,32,Full,10,0.054216,0.084776,0.018500,0.038590,0.042868,0.098749,0.021549,0.044950,0.000158,0.000351,0.000077,0.000160,0.669004,0.419669,0.091579,0.191031
SE-Conv-L3_FaceBased,SE-Conv,FaceBased,L3,32,M,21,0.288938,0.089042,0.019431,0.040531,0.081555,0.041655,0.009090,0.018961,0.000782,0.003422,0.000747,0.001558,0.775384,0.103610,0.022609,0.047163
SE-Conv-L3_FaceBased,SE-Conv,FaceBased,L3,32,N,21,0.171286,0.047041,0.010265,0.021413,0.022752,0.023711,0.005174,0.010793,0.047117,0.039566,0.008634,0.018010,0.911307,0.085463,0.018650,0.038903
SE-Conv-L3_ObjectBased,SE-Conv,ObjectBased,L3,2,E,21,0.025280,0.026018,0.005678,0.011843,0.081841,0.074009,0.016150,0.033689,0.055072,0.049042,0.010702,0.022324,0.594535,0.246558,0.053803,0.112232
SE-Conv-L3_ObjectBased,SE-Conv,ObjectBased,L3,2,Full,21,0.136656,0.076075,0.016601,0.034629,0.060184,0.034773,0.007588,0.015829,0.024445,0.037863,0.008262,0.017235,0.730466,0.089574,0.019547,0.040773
SE-Conv-L3_ObjectBased,SE-Conv,ObjectBased,L3,2,M,21,0.207099,0.048806,0.010650,0.022216,0.135637,0.046622,0.010174,0.021222,0.004249,0.005293,0.001155,0.002409,0.611022,0.105069,0.022928,0.047827
SE-Conv-L3_ObjectBased,SE-Conv,ObjectBased,L3,2,N,21,0.057674,0.016903,0.003689,0.007694,0.014196,0.012384,0.002702,0.005637,0.022722,0.012100,0.002640,0.005508,0.858254,0.097382,0.021250,0.044328
SE-Conv-L3_ObjectBased,SE-Conv,ObjectBased,L3,4,E,21,0.031184,0.028627,0.006247,0.013031,0.151116,0.055909,0.012200,0.025449,0.074687,0.032379,0.007066,0.014739,0.418845,0.120581,0.026313,0.054888
SE-Conv-L3_ObjectBased,SE-Conv,ObjectBased,L3,4,Full,20,0.153482,0.166969,0.036436,0.076003,0.374603,0.216515,0.047247,0.098556,0.024167,0.028501,0.006220,0.012974,0.339064,0.261680,0.057103,0.119115
SE-Conv-L3_ObjectBased,SE-Conv,ObjectBased,L3,4,M,20,0.216342,0.170788,0.037269,0.077742,0.174186,0.174878,0.038162,0.079604,0.000309,0.000885,0.000193,0.000403,0.565959,0.382406,0.083448,0.174069
SE-Conv-L3_ObjectBased,SE-Conv,ObjectBased,L3,4,N,21,0.001722,0.004198,0.000916,0.001911,0.515354,0.220729,0.048167,0.100475,0.044006,0.076954,0.016793,0.035029,0.163859,0.309282,0.067491,0.140784
SE-Conv-L3_ObjectBased,SE-Conv,ObjectBased,L3,8,E,19,0.010849,0.010296,0.002247,0.004687,0.028621,0.068195,0.014881,0.031042,0.022383,0.035677,0.007785,0.016240,0.828336,0.280213,0.061147,0.127551
SE-Conv-L3_ObjectBased,SE-Conv,ObjectBased,L3,8,Full,8,0.002248,0.010303,0.002248,0.004690,0.036261,0.095437,0.020826,0.043442,0.045548,0.207857,0.045358,0.094615,0.625021,0.517520,0.112932,0.235572
SE-Conv-L3_ObjectBased,SE-Conv,ObjectBased,L3,8,M,21,0.141552,0.080654,0.017600,0.036713,0.002436,0.007620,0.001663,0.003469,0.059916,0.054545,0.011903,0.024828,0.989995,0.030265,0.006604,0.013777
SE-Conv-L3_ObjectBased,SE-Conv,ObjectBased,L3,8,N,21,0.000367,0.000637,0.000139,0.000290,0.028752,0.048092,0.010495,0.021891,0.147023,0.102563,0.022381,0.046686,0.898269,0.119368,0.026048,0.054336
SE-Conv-L3_ObjectBased,SE-Conv,ObjectBased,L3,16,E,21,0.061279,0.042693,0.009316,0.019433,0.083145,0.031847,0.006950,0.014496,0.032365,0.013421,0.002929,0.006109,0.524374,0.145356,0.031719,0.066165
SE-Conv-L3_ObjectBased,SE-Conv,ObjectBased,L3,16,Full,21,0.037481,0.027696,0.006044,0.012607,0.059886,0.067191,0.014662,0.030585,0.089413,0.071394,0.015579,0.032498,0.756786,0.162553,0.035472,0.073993
SE-Conv-L3_ObjectBased,SE-Conv,ObjectBased,L3,16,M,21,0.060720,0.030318,0.006616,0.013800,0.025298,0.022832,0.004982,0.010393,0.054916,0.063861,0.013936,0.029069,0.830448,0.098715,0.021541,0.044934
SE-Conv-L3_ObjectBased,SE-Conv,ObjectBased,L3,16,N,21,0.169613,0.163227,0.035619,0.074300,0.043423,0.082516,0.018006,0.037561,0.033859,0.024658,0.005381,0.011224,0.866204,0.145822,0.031821,0.066378
SE-Conv-L3_ObjectBased,SE-Conv,ObjectBased,L3,32,E,20,0.001202,0.001293,0.000282,0.000589,0.006178,0.005266,0.001149,0.002397,0.019105,0.013562,0.002959,0.006173,0.748121,0.242086,0.052827,0.110196
SE-Conv-L3_ObjectBased,SE-Conv,ObjectBased,L3,32,Full,21,0.009037,0.017373,0.003791,0.007908,0.026244,0.039082,0.008528,0.017790,0.023732,0.020462,0.004465,0.009314,0.677499,0.296792,0.064765,0.135098
SE-Conv-L3_ObjectBased,SE-Conv,ObjectBased,L3,32,M,21,0.025638,0.041775,0.009116,0.019016,0.004467,0.006329,0.001381,0.002881,0.157956,0.085128,0.018576,0.038750,0.972130,0.040862,0.008917,0.018600
SE-Conv-L3_ObjectBased,SE-Conv,ObjectBased,L3,32,N,21,0.008888,0.009917,0.002164,0.004514,0.012304,0.019829,0.004327,0.009026,0.090699,0.025864,0.005644,0.011773,0.891705,0.165252,0.036061,0.075222
SE-Conv-L4_FaceBased,SE-Conv,FaceBased,L4,2,E,18,0.003203,0.006611,0.001443,0.003009,0.077916,0.105798,0.023087,0.048159,0.205583,0.312516,0.068197,0.142256,0.437702,0.469730,0.102503,0.213818
SE-Conv-L4_FaceBased,SE-Conv,FaceBased,L4,2,Full,21,0.009516,0.020748,0.004528,0.009444,0.063723,0.079480,0.017344,0.036179,0.245835,0.219753,0.047954,0.100030,0.747615,0.306665,0.066920,0.139592
SE-Conv-L4_FaceBased,SE-Conv,FaceBased,L4,2,M,13,0.030817,0.071980,0.015707,0.032765,0.101222,0.210129,0.045854,0.095649,0.004505,0.009430,0.002058,0.004293,0.614160,0.422497,0.092196,0.192318
SE-Conv-L4_FaceBased,SE-Conv,FaceBased,L4,2,N,21,0.030165,0.082615,0.018028,0.037606,0.003223,0.007683,0.001676,0.003497,0.087864,0.095357,0.020809,0.043406,0.945905,0.145882,0.031834,0.066405
SE-Conv-L4_FaceBased,SE-Conv,FaceBased,L4,4,E,18,0.044837,0.072310,0.015779,0.032915,0.283735,0.287392,0.062714,0.130819,0.081914,0.199182,0.043465,0.090667,0.350089,0.363668,0.079359,0.165540
SE-Conv-L4_FaceBased,SE-Conv,FaceBased,L4,4,Full,21,0.144208,0.141761,0.030935,0.064529,0.022138,0.030541,0.006665,0.013902,0.062175,0.123105,0.026864,0.056037,0.842316,0.238765,0.052103,0.108684
SE-Conv-L4_FaceBased,SE-Conv,FaceBased,L4,4,M,21,0.222212,0.070428,0.015369,0.032058,0.069433,0.029763,0.006495,0.013548,0.037475,0.023225,0.005068,0.010572,0.790397,0.076989,0.016800,0.035045
SE-Conv-L4_FaceBased,SE-Conv,FaceBased,L4,4,N,21,0.323743,0.116369,0.025394,0.052970,0.057590,0.020988,0.004580,0.009554,0.046445,0.040177,0.008767,0.018288,0.857274,0.063285,0.013810,0.028807
SE-Conv-L4_FaceBased,SE-Conv,FaceBased,L4,8,E,21,0.047270,0.049842,0.010876,0.022688,0.124382,0.091802,0.020033,0.041788,0.204172,0.148075,0.032313,0.067403,0.629559,0.304357,0.066416,0.138542
SE-Conv-L4_FaceBased,SE-Conv,FaceBased,L4,8,Full,21,0.150806,0.107513,0.023461,0.048939,0.076979,0.079009,0.017241,0.035964,0.135042,0.234824,0.051243,0.106891,0.762407,0.233879,0.051037,0.106461
SE-Conv-L4_FaceBased,SE-Conv,FaceBased,L4,8,M,21,0.030455,0.021800,0.004757,0.009923,0.046106,0.025453,0.005554,0.011586,0.050983,0.034679,0.007568,0.015786,0.629905,0.187713,0.040962,0.085446
SE-Conv-L4_FaceBased,SE-Conv,FaceBased,L4,8,N,21,0.073028,0.021810,0.004759,0.009928,0.106488,0.043341,0.009458,0.019729,0.087443,0.025188,0.005497,0.011466,0.609446,0.093359,0.020373,0.042497
SE-Conv-L4_FaceBased,SE-Conv,FaceBased,L4,16,E,21,0.100402,0.053074,0.011582,0.024159,0.070292,0.075361,0.016445,0.034304,0.035103,0.043053,0.009395,0.019598,0.639642,0.307032,0.067000,0.139759
SE-Conv-L4_FaceBased,SE-Conv,FaceBased,L4,16,Full,16,0.123546,0.172269,0.037592,0.078416,0.163352,0.156389,0.034127,0.071188,0.059457,0.073762,0.016096,0.033576,0.532169,0.216987,0.047351,0.098771
SE-Conv-L4_FaceBased,SE-Conv,FaceBased,L4,16,M,21,0.195747,0.149544,0.032633,0.068072,0.192049,0.123604,0.026973,0.056264,0.068191,0.051376,0.011211,0.023386,0.587632,0.213353,0.046557,0.097117
SE-Conv-L4_FaceBased,SE-Conv,FaceBased,L4,16,N,21,0.058772,0.030542,0.006665,0.013902,0.061190,0.032825,0.007163,0.014942,0.108175,0.024812,0.005414,0.011294,0.744257,0.120576,0.026312,0.054886
SE-Conv-L4_FaceBased,SE-Conv,FaceBased,L4,32,E,6,0.013760,0.038489,0.008399,0.017520,0.024536,0.056062,0.012234,0.025519,0.069128,0.203104,0.044321,0.092452,0.633959,0.304251,0.066393,0.138493
SE-Conv-L4_FaceBased,SE-Conv,FaceBased,L4,32,Full,18,0.177698,0.282347,0.061613,0.128523,0.168560,0.255050,0.055656,0.116097,0.067663,0.111062,0.024236,0.050555,0.664190,0.333994,0.072884,0.152032
SE-Conv-L4_FaceBased,SE-Conv,FaceBased,L4,32,M,21,0.420184,0.210869,0.046015,0.095986,0.162819,0.142079,0.031004,0.064674,0.002093,0.006325,0.001380,0.002879,0.698409,0.247355,0.053977,0.112595
SE-Conv-L4_FaceBased,SE-Conv,FaceBased,L4,32,N,6,0.002247,0.009392,0.002050,0.004275,0.005752,0.021772,0.004751,0.009911,0.010411,0.038242,0.008345,0.017407,0.861475,0.213795,0.046654,0.097318
SE-Conv-L4_ObjectBased,SE-Conv,ObjectBased,L4,2,E,21,0.003970,0.005477,0.001195,0.002493,0.055912,0.050987,0.011126,0.023209,0.127573,0.074337,0.016222,0.033838,0.669458,0.202459,0.044180,0.092158
SE-Conv-L4_ObjectBased,SE-Conv,ObjectBased,L4,2,Full,21,0.138082,0.126630,0.027633,0.057641,0.118615,0.116277,0.025374,0.052929,0.030921,0.027915,0.006092,0.012707,0.642913,0.207544,0.045290,0.094473
SE-Conv-L4_ObjectBased,SE-Conv,ObjectBased,L4,2,M,21,0.032695,0.015297,0.003338,0.006963,0.021435,0.008178,0.001785,0.003722,0.033579,0.015490,0.003380,0.007051,0.747246,0.070651,0.015417,0.032160
SE-Conv-L4_ObjectBased,SE-Conv,ObjectBased,L4,2,N,20,0.447731,0.202085,0.044098,0.091988,0.047778,0.057890,0.012633,0.026351,0.001278,0.005217,0.001138,0.002375,0.877552,0.166539,0.036342,0.075808
SE-Conv-L4_ObjectBased,SE-Conv,ObjectBased,L4,4,E,21,0.036909,0.051386,0.011213,0.023391,0.070505,0.073287,0.015992,0.033360,0.029201,0.039719,0.008667,0.018080,0.572850,0.319866,0.069800,0.145601
SE-Conv-L4_ObjectBased,SE-Conv,ObjectBased,L4,4,Full,21,0.029624,0.034125,0.007447,0.015533,0.453536,0.234981,0.051277,0.106962,0.011133,0.015500,0.003382,0.007055,0.114167,0.124443,0.027156,0.056646
SE-Conv-L4_ObjectBased,SE-Conv,ObjectBased,L4,4,M,21,0.080704,0.129887,0.028344,0.059124,0.430444,0.168190,0.036702,0.076559,0.032710,0.022174,0.004839,0.010093,0.221391,0.220194,0.048050,0.100231
SE-Conv-L4_ObjectBased,SE-Conv,ObjectBased,L4,4,N,19,0.001263,0.002088,0.000456,0.000950,0.312589,0.219437,0.047885,0.099887,0.041848,0.057115,0.012464,0.025999,0.145944,0.190732,0.041621,0.086820
SE-Conv-L4_ObjectBased,SE-Conv,ObjectBased,L4,8,E,21,0.071270,0.057403,0.012526,0.026130,0.040583,0.041981,0.009161,0.019109,0.011741,0.032823,0.007163,0.014941,0.656972,0.262111,0.057197,0.119312
SE-Conv-L4_ObjectBased,SE-Conv,ObjectBased,L4,8,Full,21,0.144488,0.093065,0.020308,0.042363,0.030739,0.021755,0.004747,0.009903,0.051210,0.060903,0.013290,0.027723,0.873395,0.061340,0.013385,0.027922
SE-Conv-L4_ObjectBased,SE-Conv,ObjectBased,L4,8,M,21,0.253515,0.076989,0.016800,0.035045,0.019213,0.009785,0.002135,0.004454,0.028935,0.080155,0.017491,0.036486,0.936148,0.031766,0.006932,0.014460
SE-Conv-L4_ObjectBased,SE-Conv,ObjectBased,L4,8,N,21,0.177116,0.043831,0.009565,0.019952,0.056240,0.025465,0.005557,0.011592,0.129057,0.032773,0.007152,0.014918,0.849767,0.046060,0.010051,0.020966
SE-Conv-L4_ObjectBased,SE-Conv,ObjectBased,L4,16,E,21,0.049589,0.016761,0.003658,0.007630,0.135328,0.052801,0.011522,0.024035,0.169339,0.054167,0.011820,0.024656,0.623516,0.124550,0.027179,0.056694
SE-Conv-L4_ObjectBased,SE-Conv,ObjectBased,L4,16,Full,21,0.092987,0.026023,0.005679,0.011846,0.091676,0.023084,0.005037,0.010508,0.166379,0.050460,0.011011,0.022969,0.741201,0.034858,0.007607,0.015867
SE-Conv-L4_ObjectBased,SE-Conv,ObjectBased,L4,16,M,21,0.176002,0.045398,0.009907,0.020665,0.034074,0.018916,0.004128,0.008610,0.035110,0.018803,0.004103,0.008559,0.859134,0.079543,0.017358,0.036207
SE-Conv-L4_ObjectBased,SE-Conv,ObjectBased,L4,16,N,21,0.069483,0.021512,0.004694,0.009792,0.022679,0.007828,0.001708,0.003563,0.119604,0.017519,0.003823,0.007975,0.893757,0.032294,0.007047,0.014700
SE-Conv-L4_ObjectBased,SE-Conv,ObjectBased,L4,32,E,21,0.127371,0.050335,0.010984,0.022912,0.120555,0.039955,0.008719,0.018187,0.215464,0.054561,0.011906,0.024836,0.741363,0.041595,0.009077,0.018934
SE-Conv-L4_ObjectBased,SE-Conv,ObjectBased,L4,32,Full,21,0.022376,0.024647,0.005378,0.011219,0.030276,0.035520,0.007751,0.016169,0.096404,0.028341,0.006184,0.012900,0.840030,0.170465,0.037198,0.077595
SE-Conv-L4_ObjectBased,SE-Conv,ObjectBased,L4,32,M,21,0.018154,0.042377,0.009247,0.019290,0.063227,0.027559,0.006014,0.012545,0.167006,0.055594,0.012132,0.025306,0.748153,0.091094,0.019878,0.041466
SE-Conv-L4_ObjectBased,SE-Conv,ObjectBased,L4,32,N,21,0.028762,0.024412,0.005327,0.011112,0.189377,0.035254,0.007693,0.016047,0.234518,0.052418,0.011439,0.023861,0.580960,0.073833,0.016112,0.033608
SE-FC-L1_FaceBased,SE-FC,FaceBased,FC-L1,2,E,21,0.037220,0.005501,0.001200,0.002504,0.079427,0.002714,0.000592,0.001235,0.100909,0.003236,0.000706,0.001473,0.634456,0.019876,0.004337,0.009047
SE-FC-L1_FaceBased,SE-FC,FaceBased,FC-L1,2,Full,21,0.049846,0.002390,0.000521,0.001088,0.073364,0.004530,0.000988,0.002062,0.089956,0.002746,0.000599,0.001250,0.656088,0.014137,0.003085,0.006435
SE-FC-L1_FaceBased,SE-FC,FaceBased,FC-L1,2,M,21,0.066864,0.002423,0.000529,0.001103,0.110082,0.002282,0.000498,0.001039,0.067009,0.003405,0.000743,0.001550,0.548628,0.011211,0.002446,0.005103
SE-FC-L1_FaceBased,SE-FC,FaceBased,FC-L1,2,N,21,0.077059,0.001976,0.000431,0.000899,0.060085,0.003208,0.000700,0.001460,0.086929,0.004804,0.001048,0.002187,0.731874,0.010799,0.002357,0.004916
SE-FC-L1_FaceBased,SE-FC,FaceBased,FC-L1,4,E,21,0.181407,0.017546,0.003829,0.007987,0.077702,0.008356,0.001823,0.003804,0.029526,0.008603,0.001877,0.003916,0.730984,0.020440,0.004460,0.009304
SE-FC-L1_FaceBased,SE-FC,FaceBased,FC-L1,4,Full,21,0.121395,0.018225,0.003977,0.008296,0.048990,0.015955,0.003482,0.007263,0.004978,0.002684,0.000586,0.001222,0.724278,0.062634,0.013668,0.028511
SE-FC-L1_FaceBased,SE-FC,FaceBased,FC-L1,4,M,21,0.093012,0.026185,0.005714,0.011919,0.020670,0.011760,0.002566,0.005353,0.119440,0.016925,0.003693,0.007704,0.913935,0.047009,0.010258,0.021398
SE-FC-L1_FaceBased,SE-FC,FaceBased,FC-L1,4,N,21,0.157210,0.020295,0.004429,0.009238,0.104299,0.010513,0.002294,0.004786,0.020567,0.005806,0.001267,0.002643,0.629959,0.026471,0.005776,0.012049
SE-FC-L1_FaceBased,SE-FC,FaceBased,FC-L1,8,E,21,0.107522,0.004183,0.000913,0.001904,0.052371,0.004523,0.000987,0.002059,0.093745,0.004059,0.000886,0.001848,0.793495,0.017367,0.003790,0.007905
SE-FC-L1_FaceBased,SE-FC,FaceBased,FC-L1,8,Full,21,0.055649,0.004380,0.000956,0.001994,0.049485,0.002802,0.000611,0.001275,0.116989,0.006505,0.001419,0.002961,0.777270,0.010116,0.002208,0.004605
SE-FC-L1_FaceBased,SE-FC,FaceBased,FC-L1,8,M,21,0.030308,0.005168,0.001128,0.002352,0.070533,0.003952,0.000862,0.001799,0.162387,0.010342,0.002257,0.004708,0.732044,0.013386,0.002921,0.006093
SE-FC-L1_FaceBased,SE-FC,FaceBased,FC-L1,8,N,21,0.072433,0.004192,0.000915,0.001908,0.099625,0.002558,0.000558,0.001165,0.105553,0.005000,0.001091,0.002276,0.640931,0.010003,0.002183,0.004553
SE-FC-L1_FaceBased,SE-FC,FaceBased,FC-L1,16,E,21,0.000000,0.000000,0.000000,0.000000,0.000000,0.000000,0.000000,0.000000,0.000474,0.000168,0.000037,0.000076,1.000000,0.000000,0.000000,0.000000
SE-FC-L1_FaceBased,SE-FC,FaceBased,FC-L1,16,Full,0,0.000000,0.000000,0.000000,0.000000,0.000000,0.000000,0.000000,0.000000,0.000000,0.000000,0.000000,0.000000,,,,
SE-FC-L1_FaceBased,SE-FC,FaceBased,FC-L1,16,M,3,0.000000,0.000000,0.000000,0.000000,0.000000,0.000000,0.000000,0.000000,0.000007,0.000025,0.000005,0.000011,1.000000,0.000000,0.000000,0.000000
SE-FC-L1_FaceBased,SE-FC,FaceBased,FC-L1,16,N,0,0.000000,0.000000,0.000000,0.000000,0.000000,0.000000,0.000000,0.000000,0.000000,0.000000,0.000000,0.000000,,,,
SE-FC-L1_FaceBased,SE-FC,FaceBased,FC-L1,32,E,21,0.063197,0.002140,0.000467,0.000974,0.077781,0.002346,0.000512,0.001068,0.068534,0.003232,0.000705,0.001471,0.628692,0.010990,0.002398,0.005003
SE-FC-L1_FaceBased,SE-FC,FaceBased,FC-L1,32,Full,21,0.066163,0.003027,0.000660,0.001378,0.076989,0.003604,0.000786,0.001640,0.082125,0.003086,0.000673,0.001405,0.658350,0.011303,0.002466,0.005145
SE-FC-L1_FaceBased,SE-FC,FaceBased,FC-L1,32,M,21,0.062658,0.002443,0.000533,0.001112,0.100174,0.002211,0.000483,0.001007,0.088293,0.003492,0.000762,0.001589,0.601093,0.006764,0.001476,0.003079
SE-FC-L1_FaceBased,SE-FC,FaceBased,FC-L1,32,N,21,0.092063,0.002106,0.000460,0.000959,0.086198,0.001325,0.000289,0.000603,0.074199,0.001582,0.000345,0.000720,0.658552,0.005107,0.001114,0.002324
SE-FC-L1_ObjectBased,SE-FC,ObjectBased,FC-L1,2,E,21,0.095211,0.002373,0.000518,0.001080,0.072714,0.002985,0.000651,0.001359,0.060809,0.004516,0.000986,0.002056,0.682027,0.011809,0.002577,0.005376
SE-FC-L1_ObjectBased,SE-FC,ObjectBased,FC-L1,2,Full,21,0.090657,0.004183,0.000913,0.001904,0.083222,0.003331,0.000727,0.001516,0.074502,0.003223,0.000703,0.001467,0.664818,0.013213,0.002883,0.006015
SE-FC-L1_ObjectBased,SE-FC,ObjectBased,FC-L1,2,M,21,0.090390,0.003310,0.000722,0.001506,0.063618,0.004421,0.000965,0.002012,0.098720,0.002604,0.000568,0.001185,0.748438,0.013495,0.002945,0.006143
SE-FC-L1_ObjectBased,SE-FC,ObjectBased,FC-L1,2,N,21,0.066317,0.004442,0.000969,0.002022,0.096887,0.003769,0.000822,0.001716,0.071749,0.004509,0.000984,0.002053,0.587365,0.007792,0.001700,0.003547
SE-FC-L1_ObjectBased,SE-FC,ObjectBased,FC-L1,4,E,21,0.103914,0.008322,0.001816,0.003788,0.078358,0.005403,0.001179,0.002460,0.088884,0.007013,0.001530,0.003192,0.710687,0.022365,0.004880,0.010180
SE-FC-L1_ObjectBased,SE-FC,ObjectBased,FC-L1,4,Full,21,0.127364,0.016196,0.003534,0.007372,0.184735,0.020464,0.004466,0.009315,0.041965,0.013860,0.003025,0.006309,0.478875,0.028439,0.006206,0.012945
SE-FC-L1_ObjectBased,SE-FC,ObjectBased,FC-L1,4,M,21,0.087654,0.010987,0.002398,0.005001,0.089548,0.012318,0.002688,0.005607,0.001097,0.000740,0.000162,0.000337,0.498044,0.047975,0.010469,0.021838
SE-FC-L1_ObjectBased,SE-FC,ObjectBased,FC-L1,4,N,15,0.047708,0.042039,0.009174,0.019136,0.000000,0.000000,0.000000,0.000000,0.000139,0.000406,0.000088,0.000185,1.000000,0.000000,0.000000,0.000000
SE-FC-L1_ObjectBased,SE-FC,ObjectBased,FC-L1,8,E,21,0.066581,0.028140,0.006141,0.012809,0.003395,0.002960,0.000646,0.001347,0.003174,0.003895,0.000850,0.001773,0.961419,0.023201,0.005063,0.010561
SE-FC-L1_ObjectBased,SE-FC,ObjectBased,FC-L1,8,Full,21,0.028118,0.018509,0.004039,0.008425,0.003691,0.006438,0.001405,0.002931,0.018323,0.017941,0.003915,0.008167,0.959558,0.061740,0.013473,0.028104
SE-FC-L1_ObjectBased,SE-FC,ObjectBased,FC-L1,8,M,21,0.012540,0.011989,0.002616,0.005457,0.001425,0.001719,0.000375,0.000782,0.112527,0.017744,0.003872,0.008077,0.989273,0.011039,0.002409,0.005025
SE-FC-L1_ObjectBased,SE-FC,ObjectBased,FC-L1,8,N,4,0.000000,0.000000,0.000000,0.000000,0.002999,0.009316,0.002033,0.004241,0.000000,0.000000,0.000000,0.000000,0.000000,0.000000,0.000000,0.000000
SE-FC-L1_ObjectBased,SE-FC,ObjectBased,FC-L1,16,E,21,0.095454,0.002863,0.000625,0.001303,0.062430,0.004459,0.000973,0.002030,0.071257,0.004092,0.000893,0.001862,0.727837,0.008843,0.001930,0.004025
SE-FC-L1_ObjectBased,SE-FC,ObjectBased,FC-L1,16,Full,21,0.060235,0.002530,0.000552,0.001152,0.062176,0.003366,0.000735,0.001532,0.097530,0.003051,0.000666,0.001389,0.717410,0.010751,0.002346,0.004894
SE-FC-L1_ObjectBased,SE-FC,ObjectBased,FC-L1,16,M,21,0.062474,0.003457,0.000754,0.001573,0.092374,0.002335,0.000510,0.001063,0.101938,0.003369,0.000735,0.001534,0.640222,0.010126,0.002210,0.004609
SE-FC-L1_ObjectBased,SE-FC,ObjectBased,FC-L1,16,N,21,0.082052,0.001790,0.000391,0.000815,0.091049,0.002151,0.000469,0.000979,0.085143,0.001992,0.000435,0.000907,0.647410,0.007739,0.001689,0.003523
SE-FC-L1_ObjectBased,SE-FC,ObjectBased,FC-L1,32,E,21,0.049951,0.004443,0.000970,0.002022,0.022658,0.005012,0.001094,0.002281,0.108239,0.004602,0.001004,0.002095,0.875470,0.023752,0.005183,0.010812
SE-FC-L1_ObjectBased,SE-FC,ObjectBased,FC-L1,32,Full,21,0.042693,0.008096,0.001767,0.003685,0.048179,0.010126,0.002210,0.004609,0.108123,0.007026,0.001533,0.003198,0.760017,0.032837,0.007166,0.014947
SE-FC-L1_ObjectBased,SE-FC,ObjectBased,FC-L1,32,M,21,0.042004,0.007037,0.001536,0.003203,0.029781,0.006523,0.001423,0.002969,0.136164,0.007475,0.001631,0.003403,0.857300,0.027250,0.005946,0.012404
SE-FC-L1_ObjectBased,SE-FC,ObjectBased,FC-L1,32,N,21,0.033303,0.006525,0.001424,0.002970,0.069724,0.008568,0.001870,0.003900,0.099841,0.005798,0.001265,0.002639,0.657186,0.026578,0.005800,0.012098
SE-FC-L2_FaceBased,SE-FC,FaceBased,FC-L2,2,E,5,0.000000,0.000000,0.000000,0.000000,0.000000,0.000000,0.000000,0.000000,0.001357,0.002487,0.000543,0.001132,1.000000,0.000000,0.000000,0.000000
SE-FC-L2_FaceBased,SE-FC,FaceBased,FC-L2,2,Full,12,0.000000,0.000000,0.000000,0.000000,0.000000,0.000000,0.000000,0.000000,0.013748,0.028875,0.006301,0.013144,1.000000,0.000000,0.000000,0.000000
SE-FC-L2_FaceBased,SE-FC,FaceBased,FC-L2,2,M,0,0.000000,0.000000,0.000000,0.000000,0.000000,0.000000,0.000000,0.000000,0.000000,0.000000,0.000000,0.000000,,,,
SE-FC-L2_FaceBased,SE-FC,FaceBased,FC-L2,2,N,21,0.000000,0.000000,0.000000,0.000000,0.021639,0.026454,0.005773,0.012042,0.003299,0.001823,0.000398,0.000830,0.471885,0.471270,0.102839,0.214519
SE-FC-L2_FaceBased,SE-FC,FaceBased,FC-L2,4,E,21,0.056323,0.006573,0.001434,0.002992,0.013299,0.002792,0.000609,0.001271,0.043072,0.009111,0.001988,0.004147,0.882467,0.016297,0.003556,0.007418
SE-FC-L2_FaceBased,SE-FC,FaceBased,FC-L2,4,Full,21,0.030004,0.003561,0.000777,0.001621,0.032457,0.003491,0.000762,0.001589,0.067120,0.006858,0.001497,0.003122,0.749743,0.013454,0.002936,0.006124
SE-FC-L2_FaceBased,SE-FC,FaceBased,FC-L2,4,M,21,0.035679,0.004376,0.000955,0.001992,0.093067,0.004463,0.000974,0.002032,0.045048,0.010383,0.002266,0.004726,0.462613,0.037896,0.008270,0.017250
SE-FC-L2_FaceBased,SE-FC,FaceBased,FC-L2,4,N,21,0.068449,0.017415,0.003800,0.007927,0.053045,0.007949,0.001735,0.003618,0.052492,0.007806,0.001703,0.003553,0.694698,0.025227,0.005505,0.011483
SE-FC-L2_FaceBased,SE-FC,FaceBased,FC-L2,8,E,21,0.108476,0.017056,0.003722,0.007764,0.041598,0.016332,0.003564,0.007434,0.052892,0.013645,0.002978,0.006211,0.798520,0.074161,0.016183,0.033758
SE-FC-L2_FaceBased,SE-FC,FaceBased,FC-L2,8,Full,21,0.098753,0.011471,0.002503,0.005221,0.099426,0.008833,0.001928,0.004021,0.044977,0.010479,0.002287,0.004770,0.590251,0.021870,0.004772,0.009955
SE-FC-L2_FaceBased,SE-FC,FaceBased,FC-L2,8,M,21,0.074193,0.010225,0.002231,0.004654,0.090458,0.012052,0.002630,0.005486,0.019185,0.011490,0.002507,0.005230,0.507054,0.050888,0.011105,0.023164
SE-FC-L2_FaceBased,SE-FC,FaceBased,FC-L2,8,N,21,0.093889,0.007304,0.001594,0.003325,0.052524,0.005576,0.001217,0.002538,0.042075,0.009904,0.002161,0.004508,0.720907,0.021147,0.004615,0.009626
SE-FC-L2_FaceBased,SE-FC,FaceBased,FC-L2,16,E,21,0.003791,0.005243,0.001144,0.002387,0.000170,0.000780,0.000170,0.000355,0.092663,0.019998,0.004364,0.009103,0.998077,0.008814,0.001923,0.004012
SE-FC-L2_FaceBased,SE-FC,FaceBased,FC-L2,16,Full,21,0.005944,0.006148,0.001342,0.002799,0.000379,0.001738,0.000379,0.000791,0.075473,0.019885,0.004339,0.009052,0.996384,0.016571,0.003616,0.007543
SE-FC-L2_FaceBased,SE-FC,FaceBased,FC-L2,16,M,21,0.006433,0.005661,0.001235,0.002577,0.000211,0.000623,0.000136,0.000283,0.013183,0.009741,0.002126,0.004434,0.994173,0.015345,0.003349,0.006985
SE-FC-L2_FaceBased,SE-FC,FaceBased,FC-L2,16,N,21,0.000000,0.000000,0.000000,0.000000,0.000000,0.000000,0.000000,0.000000,0.220605,0.052308,0.011415,0.023811,1.000000,0.000000,0.000000,0.000000
SE-FC-L2_FaceBased,SE-FC,FaceBased,FC-L2,32,E,21,0.025148,0.008184,0.001786,0.003725,0.096892,0.016363,0.003571,0.007448,0.069504,0.009906,0.002162,0.004509,0.495180,0.053262,0.011623,0.024245
SE-FC-L2_FaceBased,SE-FC,FaceBased,FC-L2,32,Full,21,0.004973,0.003200,0.000698,0.001457,0.047011,0.020898,0.004560,0.009513,0.096550,0.019282,0.004208,0.008777,0.694465,0.105660,0.023057,0.048096
SE-FC-L2_FaceBased,SE-FC,FaceBased,FC-L2,32,M,21,0.022768,0.004604,0.001005,0.002096,0.064626,0.010578,0.002308,0.004815,0.035089,0.007753,0.001692,0.003529,0.472934,0.048139,0.010505,0.021913
SE-FC-L2_FaceBased,SE-FC,FaceBased,FC-L2,32,N,21,0.115238,0.006593,0.001439,0.003001,0.019527,0.008114,0.001771,0.003693,0.104693,0.005749,0.001254,0.002617,0.918800,0.031914,0.006964,0.014527
SE-FC-L2_ObjectBased,SE-FC,ObjectBased,FC-L2,2,E,21,0.040724,0.008327,0.001817,0.003791,0.038124,0.008170,0.001783,0.003719,0.108111,0.007925,0.001729,0.003607,0.797193,0.032432,0.007077,0.014763
SE-FC-L2_ObjectBased,SE-FC,ObjectBased,FC-L2,2,Full,21,0.050156,0.002668,0.000582,0.001214,0.081801,0.004736,0.001034,0.002156,0.100071,0.006768,0.001477,0.003081,0.647263,0.021055,0.004595,0.009584
SE-FC-L2_ObjectBased,SE-FC,ObjectBased,FC-L2,2,M,21,0.031578,0.009368,0.002044,0.004264,0.006382,0.003855,0.000841,0.001755,0.010070,0.004594,0.001002,0.002091,0.875459,0.063945,0.013954,0.029108
SE-FC-L2_ObjectBased,SE-FC,ObjectBased,FC-L2,2,N,21,0.081568,0.006685,0.001459,0.003043,0.095739,0.005163,0.001127,0.002350,0.080328,0.008206,0.001791,0.003736,0.627313,0.032045,0.006993,0.014587
SE-FC-L2_ObjectBased,SE-FC,ObjectBased,FC-L2,4,E,21,0.061741,0.013877,0.003028,0.006317,0.042421,0.029156,0.006362,0.013272,0.073735,0.008737,0.001907,0.003977,0.782633,0.108660,0.023711,0.049461
SE-FC-L2_ObjectBased,SE-FC,ObjectBased,FC-L2,4,Full,21,0.038964,0.006408,0.001398,0.002917,0.050231,0.013054,0.002849,0.005942,0.076925,0.004243,0.000926,0.001931,0.701110,0.050965,0.011121,0.023199
SE-FC-L2_ObjectBased,SE-FC,ObjectBased,FC-L2,4,M,21,0.051938,0.013747,0.003000,0.006258,0.051735,0.010815,0.002360,0.004923,0.121092,0.012923,0.002820,0.005882,0.771296,0.035046,0.007648,0.015953
SE-FC-L2_ObjectBased,SE-FC,ObjectBased,FC-L2,4,N,21,0.018954,0.008725,0.001904,0.003972,0.072298,0.015846,0.003458,0.007213,0.072126,0.012625,0.002755,0.005747,0.556245,0.078029,0.017027,0.035518
SE-FC-L2_ObjectBased,SE-FC,ObjectBased,FC-L2,8,E,21,0.027069,0.007886,0.001721,0.003590,0.139446,0.008043,0.001755,0.003661,0.011055,0.004347,0.000949,0.001979,0.212058,0.050691,0.011062,0.023074
SE-FC-L2_ObjectBased,SE-FC,ObjectBased,FC-L2,8,Full,21,0.035965,0.007897,0.001723,0.003595,0.059449,0.007274,0.001587,0.003311,0.009503,0.003257,0.000711,0.001483,0.429835,0.049375,0.010774,0.022475
SE-FC-L2_ObjectBased,SE-FC,ObjectBased,FC-L2,8,M,21,0.070294,0.008442,0.001842,0.003843,0.039485,0.004269,0.000932,0.001943,0.054118,0.003550,0.000775,0.001616,0.758341,0.028179,0.006149,0.012827
SE-FC-L2_ObjectBased,SE-FC,ObjectBased,FC-L2,8,N,21,0.063956,0.004953,0.001081,0.002255,0.066787,0.006475,0.001413,0.002947,0.129016,0.010440,0.002278,0.004752,0.742884,0.024281,0.005298,0.011052
SE-FC-L2_ObjectBased,SE-FC,ObjectBased,FC-L2,16,E,21,0.229811,0.016041,0.003500,0.007302,0.045027,0.010726,0.002341,0.004882,0.045719,0.010470,0.002285,0.004766,0.859971,0.030517,0.006659,0.013891
SE-FC-L2_ObjectBased,SE-FC,ObjectBased,FC-L2,16,Full,21,0.057944,0.019194,0.004188,0.008737,0.027913,0.012710,0.002774,0.005786,0.033251,0.008475,0.001849,0.003858,0.779186,0.062729,0.013689,0.028554
SE-FC-L2_ObjectBased,SE-FC,ObjectBased,FC-L2,16,M,21,0.068436,0.018290,0.003991,0.008325,0.039590,0.022341,0.004875,0.010169,0.237878,0.042217,0.009212,0.019217,0.884612,0.062505,0.013640,0.028452
SE-FC-L2_ObjectBased,SE-FC,ObjectBased,FC-L2,16,N,21,0.113268,0.017068,0.003725,0.007769,0.096647,0.020277,0.004425,0.009230,0.121369,0.019140,0.004177,0.008712,0.707678,0.061241,0.013364,0.027877
SE-FC-L2_ObjectBased,SE-FC,ObjectBased,FC-L2,32,E,21,0.077335,0.031872,0.006955,0.014508,0.000000,0.000000,0.000000,0.000000,0.000000,0.000000,0.000000,0.000000,1.000000,0.000000,0.000000,0.000000
SE-FC-L2_ObjectBased,SE-FC,ObjectBased,FC-L2,32,Full,2,0.000865,0.003964,0.000865,0.001804,0.000000,0.000000,0.000000,0.000000,0.006665,0.021122,0.004609,0.009614,1.000000,0.000000,0.000000,0.000000
SE-FC-L2_ObjectBased,SE-FC,ObjectBased,FC-L2,32,M,6,0.000042,0.000192,0.000042,0.000087,0.000100,0.000183,0.000040,0.000083,0.001151,0.002110,0.000460,0.000960,0.922302,0.004854,0.001059,0.002209
SE-FC-L2_ObjectBased,SE-FC,ObjectBased,FC-L2,32,N,21,0.003182,0.003209,0.000700,0.001460,0.091800,0.035522,0.007752,0.016170,0.093115,0.034231,0.007470,0.015582,0.516792,0.160443,0.035012,0.073033
SE-FC-L3_FaceBased,SE-FC,FaceBased,FC-L3,2,E,20,0.065672,0.076285,0.016647,0.034725,0.043968,0.028203,0.006154,0.012838,0.144681,0.088657,0.019347,0.040356,0.820026,0.111151,0.024255,0.050595
SE-FC-L3_FaceBased,SE-FC,FaceBased,FC-L3,2,Full,21,0.175734,0.130064,0.028382,0.059204,0.184889,0.080065,0.017472,0.036445,0.101414,0.163233,0.035620,0.074303,0.577398,0.144140,0.031454,0.065612
SE-FC-L3_FaceBased,SE-FC,FaceBased,FC-L3,2,M,21,0.140339,0.121159,0.026439,0.055151,0.025773,0.020734,0.004525,0.009438,0.048869,0.040885,0.008922,0.018611,0.847176,0.140925,0.030752,0.064148
SE-FC-L3_FaceBased,SE-FC,FaceBased,FC-L3,2,N,21,0.565964,0.138528,0.030229,0.063057,0.011137,0.008486,0.001852,0.003863,0.015348,0.018824,0.004108,0.008569,0.979413,0.015885,0.003466,0.007231
SE-FC-L3_FaceBased,SE-FC,FaceBased,FC-L3,4,E,21,0.027888,0.021524,0.004697,0.009798,0.011456,0.016145,0.003523,0.007349,0.071604,0.040919,0.008929,0.018626,0.884867,0.125136,0.027307,0.056961
SE-FC-L3_FaceBased,SE-FC,FaceBased,FC-L3,4,Full,20,0.121966,0.166920,0.036425,0.075981,0.074099,0.080278,0.017518,0.036542,0.072754,0.137959,0.030105,0.062798,0.631012,0.286645,0.062551,0.130479
SE-FC-L3_FaceBased,SE-FC,FaceBased,FC-L3,4,M,19,0.040567,0.063771,0.013916,0.029028,0.114742,0.073976,0.016143,0.033673,0.135989,0.076260,0.016641,0.034713,0.600911,0.175389,0.038273,0.079836
SE-FC-L3_FaceBased,SE-FC,FaceBased,FC-L3,4,N,21,0.043706,0.040696,0.008881,0.018524,0.083921,0.033525,0.007316,0.015260,0.072508,0.016004,0.003492,0.007285,0.589927,0.061408,0.013400,0.027952
SE-FC-L3_FaceBased,SE-FC,FaceBased,FC-L3,8,E,16,0.016299,0.021827,0.004763,0.009936,0.327232,0.268806,0.058658,0.122359,0.107357,0.163891,0.035764,0.074602,0.287083,0.285189,0.062233,0.129816
SE-FC-L3_FaceBased,SE-FC,FaceBased,FC-L3,8,Full,14,0.270650,0.282736,0.061698,0.128700,0.131284,0.179509,0.039172,0.081711,0.016834,0.052571,0.011472,0.023930,0.647947,0.323076,0.070501,0.147062
SE-FC-L3_FaceBased,SE-FC,FaceBased,FC-L3,8,M,21,0.480218,0.067921,0.014821,0.030917,0.045154,0.028726,0.006269,0.013076,0.002282,0.004518,0.000986,0.002056,0.912052,0.056790,0.012393,0.025851
SE-FC-L3_FaceBased,SE-FC,FaceBased,FC-L3,8,N,21,0.009282,0.008540,0.001864,0.003888,0.155249,0.080956,0.017666,0.036851,0.117585,0.038708,0.008447,0.017619,0.468370,0.111044,0.024232,0.050547
SE-FC-L3_FaceBased,SE-FC,FaceBased,FC-L3,16,E,16,0.027960,0.028049,0.006121,0.012768,0.030657,0.053799,0.011740,0.024489,0.035688,0.058752,0.012821,0.026744,0.634005,0.263346,0.057467,0.119874
SE-FC-L3_FaceBased,SE-FC,FaceBased,FC-L3,16,Full,21,0.212614,0.219286,0.047852,0.099818,0.008528,0.017294,0.003774,0.007872,0.033297,0.068939,0.015044,0.031381,0.949509,0.142050,0.030998,0.064660
SE-FC-L3_FaceBased,SE-FC,FaceBased,FC-L3,16,M,19,0.266359,0.179503,0.039171,0.081709,0.060511,0.099489,0.021710,0.045287,0.002878,0.004934,0.001077,0.002246,0.843680,0.213610,0.046614,0.097234
SE-FC-L3_FaceBased,SE-FC,FaceBased,FC-L3,16,N,1,0.004540,0.020807,0.004540,0.009471,0.000000,0.000000,0.000000,0.000000,0.000000,0.000000,0.000000,0.000000,1.000000,,,
SE-FC-L3_FaceBased,SE-FC,FaceBased,FC-L3,32,E,21,0.068940,0.066030,0.014409,0.030056,0.081417,0.085116,0.018574,0.038744,0.132749,0.097854,0.021353,0.044543,0.718666,0.290037,0.063291,0.132023
SE-FC-L3_FaceBased,SE-FC,FaceBased,FC-L3,32,Full,17,0.176121,0.216250,0.047190,0.098436,0.111015,0.105835,0.023095,0.048175,0.027736,0.064673,0.014113,0.029439,0.536240,0.352729,0.076972,0.160560
SE-FC-L3_FaceBased,SE-FC,FaceBased,FC-L3,32,M,10,0.011134,0.029832,0.006510,0.013579,0.133725,0.295071,0.064390,0.134315,0.007407,0.033809,0.007378,0.015390,0.261836,0.297320,0.064881,0.135339
SE-FC-L3_FaceBased,SE-FC,FaceBased,FC-L3,32,N,21,0.036451,0.024410,0.005327,0.011111,0.076565,0.048202,0.010519,0.021941,0.041347,0.020395,0.004451,0.009284,0.525755,0.109701,0.023939,0.049935
SE-FC-L3_ObjectBased,SE-FC,ObjectBased,FC-L3,2,E,19,0.395518,0.240224,0.052421,0.109349,0.000000,0.000000,0.000000,0.000000,0.000577,0.001051,0.000229,0.000478,1.000000,0.000000,0.000000,0.000000
SE-FC-L3_ObjectBased,SE-FC,ObjectBased,FC-L3,2,Full,21,0.153629,0.061704,0.013465,0.028087,0.130632,0.057109,0.012462,0.025996,0.087375,0.038807,0.008468,0.017665,0.685167,0.111694,0.024374,0.050843
SE-FC-L3_ObjectBased,SE-FC,ObjectBased,FC-L3,2,M,21,0.052566,0.038065,0.008306,0.017327,0.099093,0.036939,0.008061,0.016814,0.055417,0.015960,0.003483,0.007265,0.525966,0.077185,0.016843,0.035134
SE-FC-L3_ObjectBased,SE-FC,ObjectBased,FC-L3,2,N,18,0.128108,0.212052,0.046273,0.096525,0.040953,0.062703,0.013683,0.028542,0.002164,0.003465,0.000756,0.001577,0.724821,0.333880,0.072859,0.151980
SE-FC-L3_ObjectBased,SE-FC,ObjectBased,FC-L3,4,E,21,0.042420,0.032818,0.007161,0.014938,0.148884,0.125851,0.027463,0.057287,0.004997,0.013107,0.002860,0.005966,0.357636,0.286717,0.062567,0.130512
SE-FC-L3_ObjectBased,SE-FC,ObjectBased,FC-L3,4,Full,21,0.155876,0.117032,0.025539,0.053272,0.183650,0.070548,0.015395,0.032113,0.098699,0.068143,0.014870,0.031018,0.583124,0.124492,0.027166,0.056668
SE-FC-L3_ObjectBased,SE-FC,ObjectBased,FC-L3,4,M,21,0.096976,0.091815,0.020036,0.041794,0.086833,0.048335,0.010548,0.022002,0.121253,0.058304,0.012723,0.026540,0.723053,0.098223,0.021434,0.044711
SE-FC-L3_ObjectBased,SE-FC,ObjectBased,FC-L3,4,N,21,0.176323,0.083211,0.018158,0.037877,0.044625,0.052875,0.011538,0.024068,0.230269,0.111799,0.024397,0.050891,0.889250,0.130936,0.028573,0.059601
SE-FC-L3_ObjectBased,SE-FC,ObjectBased,FC-L3,8,E,20,0.064038,0.025853,0.005642,0.011768,0.060889,0.058953,0.012865,0.026835,0.000054,0.000094,0.000020,0.000043,0.589937,0.304035,0.066346,0.138395
SE-FC-L3_ObjectBased,SE-FC,ObjectBased,FC-L3,8,Full,19,0.135316,0.167200,0.036486,0.076109,0.075567,0.111056,0.024234,0.050552,0.218279,0.224516,0.048993,0.102198,0.792546,0.294557,0.064278,0.134081
SE-FC-L3_ObjectBased,SE-FC,ObjectBased,FC-L3,8,M,21,0.000772,0.001883,0.000411,0.000857,0.016300,0.070459,0.015375,0.032073,0.383687,0.126726,0.027654,0.057685,0.957996,0.177977,0.038838,0.081014
SE-FC-L3_ObjectBased,SE-FC,ObjectBased,FC-L3,8,N,21,0.011549,0.025055,0.005467,0.011405,0.004495,0.002643,0.000577,0.001203,0.616072,0.141716,0.030925,0.064508,0.991880,0.006106,0.001332,0.002779
SE-FC-L3_ObjectBased,SE-FC,ObjectBased,FC-L3,16,E,21,0.076324,0.055573,0.012127,0.025296,0.191280,0.091503,0.019967,0.041651,0.091665,0.073741,0.016092,0.033566,0.489308,0.133077,0.029040,0.060576
SE-FC-L3_ObjectBased,SE-FC,ObjectBased,FC-L3,16,Full,21,0.064805,0.035494,0.007745,0.016157,0.075100,0.069036,0.015065,0.031425,0.116125,0.079244,0.017292,0.036071,0.773570,0.126361,0.027574,0.057519
SE-FC-L3_ObjectBased,SE-FC,ObjectBased,FC-L3,16,M,21,0.018364,0.019185,0.004186,0.008733,0.037307,0.016161,0.003527,0.007357,0.058463,0.011230,0.002451,0.005112,0.679476,0.048405,0.010563,0.022034
SE-FC-L3_ObjectBased,SE-FC,ObjectBased,FC-L3,16,N,21,0.021622,0.013246,0.002890,0.006029,0.035741,0.013188,0.002878,0.006003,0.039283,0.030861,0.006734,0.014048,0.619519,0.136604,0.029809,0.062181
SE-FC-L3_ObjectBased,SE-FC,ObjectBased,FC-L3,32,E,21,0.016454,0.010152,0.002215,0.004621,0.068704,0.011939,0.002605,0.005434,0.216587,0.039212,0.008557,0.017849,0.771100,0.039112,0.008535,0.017804
SE-FC-L3_ObjectBased,SE-FC,ObjectBased,FC-L3,32,Full,21,0.019019,0.014312,0.003123,0.006515,0.073776,0.035324,0.007708,0.016079,0.061771,0.031663,0.006910,0.014413,0.516432,0.175619,0.038323,0.079941
SE-FC-L3_ObjectBased,SE-FC,ObjectBased,FC-L3,32,M,21,0.005286,0.006496,0.001417,0.002957,0.040868,0.019811,0.004323,0.009018,0.116072,0.031118,0.006790,0.014165,0.754517,0.078921,0.017222,0.035925
SE-FC-L3_ObjectBased,SE-FC,ObjectBased,FC-L3,32,N,21,0.005896,0.003125,0.000682,0.001422,0.044685,0.014149,0.003088,0.006441,0.055081,0.012818,0.002797,0.005835,0.582787,0.073635,0.016068,0.033518
